candidate_id,name,discovery_source,discovery_url,retrieved_at
c001,ARX Equity Partners,slovca_full_member,https://www.slovca.sk/sk/clenstvo/riadni-clenovia.html,2026-10-09
c002,CVI,slovca_full_member,https://www.slovca.sk/sk/clenstvo/riadni-clenovia.html,2026-10-09
c003,Enterprise Investors,slovca_full_member,https://www.slovca.sk/sk/clenstvo/riadni-clenovia.html,2026-10-09
c004,Eterus Capital,slovca_full_member,https://www.slovca.sk/sk/clenstvo/riadni-clenovia.html,2026-10-09
c005,Fond inovácií a technológií,slovca_full_member,https://www.slovca.sk/sk/clenstvo/riadni-clenovia.html,2026-10-09
c006,Genesis Capital,slovca_full_member,https://www.slovca.sk/sk/clenstvo/riadni-clenovia.html,2026-10-09
c007,Jet Investment,slovca_full_member,https://www.slovca.sk/sk/clenstvo/riadni-clenovia.html,2026-10-09
c008,Národný holdingový fond,slovca_full_member,https://www.slovca.sk/sk/clenstvo/riadni-clenovia.html,2026-10-09
c009,Neulogy Ventures,slovca_full_member,https://www.slovca.sk/sk/clenstvo/riadni-clenovia.html,2026-10-09
c010,Sandberg Capital,slovca_full_member,https://www.slovca.sk/sk/clenstvo/riadni-clenovia.html,2026-10-09
c011,Venture to Future Fund,slovca_full_member,https://www.slovca.sk/sk/clenstvo/riadni-clenovia.html,2026-10-09
c012,Vision Ventures,slovca_full_member,https://www.slovca.sk/sk/clenstvo/riadni-clenovia.html,2026-10-09
c013,Across Private Investments,slovca_associate_member,https://www.slovca.sk/sk/clenstvo/pridruzeni-clenovia.html,2026-10-09
c014,Aon,slovca_associate_member,https://www.slovca.sk/sk/clenstvo/pridruzeni-clenovia.html,2026-10-09
c015,A&O Shearman,slovca_associate_member,https://www.slovca.sk/sk/clenstvo/pridruzeni-clenovia.html,2026-10-09
c016,ASB Slovakia,slovca_associate_member,https://www.slovca.sk/sk/clenstvo/pridruzeni-clenovia.html,2026-10-09
c017,Barger Prekop,slovca_associate_member,https://www.slovca.sk/sk/clenstvo/pridruzeni-clenovia.html,2026-10-09
c018,BHM group,slovca_associate_member,https://www.slovca.sk/sk/clenstvo/pridruzeni-clenovia.html,2026-10-09
c019,CMS Slovakia,slovca_associate_member,https://www.slovca.sk/sk/clenstvo/pridruzeni-clenovia.html,2026-10-09
c020,ČSOB,slovca_associate_member,https://www.slovca.sk/sk/clenstvo/pridruzeni-clenovia.html,2026-10-09
c021,Danube Capital Advisors,slovca_associate_member,https://www.slovca.sk/sk/clenstvo/pridruzeni-clenovia.html,2026-10-09
c022,Dentons,slovca_associate_member,https://www.slovca.sk/sk/clenstvo/pridruzeni-clenovia.html,2026-10-09
c023,HAVEL & PARTNERS,slovca_associate_member,https://www.slovca.sk/sk/clenstvo/pridruzeni-clenovia.html,2026-10-09
c024,Highgate Law & Tax,slovca_associate_member,https://www.slovca.sk/sk/clenstvo/pridruzeni-clenovia.html,2026-10-09
c025,HKV Law Firm,slovca_associate_member,https://www.slovca.sk/sk/clenstvo/pridruzeni-clenovia.html,2026-10-09
c026,HILLBRIDGES,slovca_associate_member,https://www.slovca.sk/sk/clenstvo/pridruzeni-clenovia.html,2026-10-09
c027,G4 INVESTMENTS,slovca_associate_member,https://www.slovca.sk/sk/clenstvo/pridruzeni-clenovia.html,2026-10-09
c028,Finhold,slovca_associate_member,https://www.slovca.sk/sk/clenstvo/pridruzeni-clenovia.html,2026-10-09
c029,M3 Partners,slovca_associate_member,https://www.slovca.sk/sk/clenstvo/pridruzeni-clenovia.html,2026-10-09
c030,Forvis Mazars Slovensko,slovca_associate_member,https://www.slovca.sk/sk/clenstvo/pridruzeni-clenovia.html,2026-10-09
c031,Ments,slovca_associate_member,https://www.slovca.sk/sk/clenstvo/pridruzeni-clenovia.html,2026-10-09
c032,KPMG Slovakia,slovca_associate_member,https://www.slovca.sk/sk/clenstvo/pridruzeni-clenovia.html,2026-10-09
c033,Noerr,slovca_associate_member,https://www.slovca.sk/sk/clenstvo/pridruzeni-clenovia.html,2026-10-09
c034,Howden,slovca_associate_member,https://www.slovca.sk/sk/clenstvo/pridruzeni-clenovia.html,2026-10-09
c035,PFCEU,slovca_associate_member,https://www.slovca.sk/sk/clenstvo/pridruzeni-clenovia.html,2026-10-09
c036,PwC,slovca_associate_member,https://www.slovca.sk/sk/clenstvo/pridruzeni-clenovia.html,2026-10-09
c037,Slovak Investment Holding,slovca_associate_member,https://www.slovca.sk/sk/clenstvo/pridruzeni-clenovia.html,2026-10-09
c038,Montward,slovca_associate_member,https://www.slovca.sk/sk/clenstvo/pridruzeni-clenovia.html,2026-10-09
c039,Majerník & Miháliková,slovca_associate_member,https://www.slovca.sk/sk/clenstvo/pridruzeni-clenovia.html,2026-10-09
c040,TaylorWessing,slovca_associate_member,https://www.slovca.sk/sk/clenstvo/pridruzeni-clenovia.html,2026-10-09
c041,V4 Legal,slovca_associate_member,https://www.slovca.sk/sk/clenstvo/pridruzeni-clenovia.html,2026-10-09
c042,CLA Slovakia,slovca_associate_member,https://www.slovca.sk/sk/clenstvo/pridruzeni-clenovia.html,2026-10-09
c043,Wezeo,slovca_associate_member,https://www.slovca.sk/sk/clenstvo/pridruzeni-clenovia.html,2026-10-09
c044,Benson Oak Capital,list_legalfirm,https://www.legalfirm.sk/sk/stranky/clanok/zoznam-equity-fondov,2026-10-09
c045,BHS private equity fund,list_legalfirm,https://www.legalfirm.sk/sk/stranky/clanok/zoznam-equity-fondov,2026-10-09
c046,Credo Ventures,list_legalfirm,https://www.legalfirm.sk/sk/stranky/clanok/zoznam-equity-fondov,2026-10-09
c047,Crowdberry,list_legalfirm,https://www.legalfirm.sk/sk/stranky/clanok/zoznam-equity-fondov,2026-10-09
c048,J&T ARCH Investments,list_legalfirm,https://www.legalfirm.sk/sk/stranky/clanok/zoznam-equity-fondov,2026-10-09
c049,ZAKA VC,list_legalfirm,https://www.legalfirm.sk/sk/stranky/clanok/zoznam-equity-fondov,2026-10-09
c050,3TS Capital Partners,list_legalfirm,https://www.legalfirm.sk/sk/stranky/clanok/zoznam-equity-fondov,2026-10-09
c051,Slovenský rozvojový fond,list_legalfirm,https://www.legalfirm.sk/sk/stranky/clanok/zoznam-equity-fondov,2026-10-09
c052,Monogram Ventures,list_podnikajte,https://www.podnikajte.sk/investor/private-equity-venture-fondy-sr,2026-10-09
c053,LRJ Capital,list_podnikajte,https://www.podnikajte.sk/investor/private-equity-venture-fondy-sr,2026-10-09
c054,Pioneers Ventures,list_podnikajte,https://www.podnikajte.sk/investor/private-equity-venture-fondy-sr,2026-10-09
c055,Arca Capital Slovakia,list_podnikajte,https://www.podnikajte.sk/investor/private-equity-venture-fondy-sr,2026-10-09
c056,Slovenský rastový a kapitálový fond,list_podnikajte,https://www.podnikajte.sk/investor/private-equity-venture-fondy-sr,2026-10-09
c057,Limerock Fund Manager,list_podnikajte,https://www.podnikajte.sk/investor/private-equity-venture-fondy-sr,2026-10-09
c058,Zero Gravity Capital,news_forbes,https://www.forbes.sk/investicny-fond-zero-gravity-capital-hlada-mlade-firmy-rozdelit-ma-12-milionov-eur/,2026-10-09
c059,Zero One Hundred (0100 Ventures),aggregator_tracxn,https://tracxn.com/d/investor-lists/venture-capital-funds-in-slovakia/__DvmbYfeSMp1bcVhFxyHfn9j2EYVdLnk4ZwIEYR1zzuM,2026-10-09
c060,Seed Starter Slovenskej sporiteľne,news_slsp,https://www.slsp.sk/sk/aktuality/2026/6/2/seed-starter-slovenskej-sporitelne-investuje-400-tisic-eur-do-startupu-webout-ten-ziskava-spolu-165-miliona-eur-a-mieri-do-silicon-valley,2026-10-09
c061,Simpact VC,news_recursive,https://therecursive.com/slovakia-startup-funding-h1-2025/,2026-10-09
c062,CB ESPRI,news_podnikajte,https://www.podnikajte.sk/financie-na-podnikanie/investicny-fond-pre-socialnu-ekonomiku,2026-10-09
c063,Sociálni Inovátori Impact Capital,news_podnikajte,https://www.podnikajte.sk/financie-na-podnikanie/investicny-fond-pre-socialnu-ekonomiku,2026-10-09
c064,J&T Ventures,news_podnikajte,https://www.podnikajte.sk/investor/private-equity-venture-kapital-na-slovensku,2026-10-09
c065,IPM Group,list_papermark,https://www.papermark.com/blog/venture-capital-firms-bratislava,2026-10-09
c066,BIC Bratislava,list_papermark,https://www.papermark.com/blog/venture-capital-firms-bratislava,2026-10-09
c067,365fintech,aggregator_tracxn,https://tracxn.com/d/investor-lists/venture-capital-funds-in-slovakia/__DvmbYfeSMp1bcVhFxyHfn9j2EYVdLnk4ZwIEYR1zzuM,2026-10-09
c068,McWin,aggregator_tracxn,https://tracxn.com/d/investor-lists/venture-capital-funds-in-slovakia/__DvmbYfeSMp1bcVhFxyHfn9j2EYVdLnk4ZwIEYR1zzuM,2026-10-09
c069,Ergos,aggregator_tracxn,https://tracxn.com/d/investor-lists/venture-capital-funds-in-slovakia/__DvmbYfeSMp1bcVhFxyHfn9j2EYVdLnk4ZwIEYR1zzuM,2026-10-09
c070,Jet Ventures,news_vestbee,https://www.vestbee.com/insights/articles/cequence-secures-2-m,2026-10-09
c071,Look AI Ventures,news_vestbee,https://www.vestbee.com/insights/articles/cequence-secures-2-m,2026-10-09
c072,Presto Ventures,news_startitup,https://www.startitup.sk/,2026-10-09
c073,Fil Rouge Capital,news_startitup,https://www.startitup.sk/z-brna-do-dubaja-novy-fond-nalial-miliony-do-startupu-ktory-vznikol-ako-studentsky-projekt-teraz-mieri-aj-na-slovensko/,2026-10-09
c074,Gi21 Capital,news_startitup,https://www.startitup.sk/z-brna-do-dubaja-novy-fond-nalial-miliony-do-startupu-ktory-vznikol-ako-studentsky-projekt-teraz-mieri-aj-na-slovensko/,2026-10-09
c075,JIC Ventures,news_startitup,https://www.startitup.sk/z-brna-do-dubaja-novy-fond-nalial-miliony-do-startupu-ktory-vznikol-ako-studentsky-projekt-teraz-mieri-aj-na-slovensko/,2026-10-09
